,Model Type,Correct,Total,Accuracy
train,TFLite Quantized,2281,2447,0.9321618308132407
val,TFLite Quantized,1938,2160,0.8972222222222223
test,TFLite Quantized,327,575,0.568695652173913
train,TFLite Float,2278,2447,0.9309358398038414
val,TFLite Float,1933,2160,0.8949074074074074
test,TFLite Float,324,575,0.5634782608695652
